Rk,Squad,MP,W,D,L,GF,GA,GD,Pts,Pts/MP,xG,xGA,xGD,xGD/90,Attendance,Top Team Scorer,Goalkeeper,Notes,Season
1,Liverpool,38,25,9,4,86,41,45,84,2.21,82.2,38.6,43.6,1.15,60324.0,Mohamed Salah - 29,Alisson,→ Champions League via league finish,2024-2025 Premier League
2,Arsenal,38,20,14,4,69,34,35,74,1.95,59.9,34.4,25.5,0.67,60251.0,Kai Havertz - 9,David Raya,→ Champions League via league finish,2024-2025 Premier League
3,Manchester City,38,21,8,9,72,44,28,71,1.87,68.1,47.7,20.4,0.54,52756.0,Erling Haaland - 22,Ederson,→ Champions League via league finish,2024-2025 Premier League
4,Chelsea,38,20,9,9,64,43,21,69,1.82,67.8,47.3,20.5,0.54,39672.0,Cole Palmer - 15,Robert Sánchez,→ Champions League via league finish,2024-2025 Premier League
5,Newcastle Utd,38,20,6,12,68,47,21,66,1.74,63.8,45.5,18.3,0.48,52187.0,Alexander Isak - 23,Nick Pope,→ Champions League via league finish,2024-2025 Premier League
6,Aston Villa,38,19,9,10,58,51,7,66,1.74,56.1,50.1,5.9,0.16,42079.0,Ollie Watkins - 16,Emiliano Martínez,→ Europa League via league finish,2024-2025 Premier League
7,Nott'ham Forest,38,19,8,11,58,46,12,65,1.71,45.5,48.9,-3.4,-0.09,30059.0,Chris Wood - 20,Matz Sels,→ Conference League via league finish,2024-2025 Premier League
8,Brighton,38,16,13,9,66,59,7,61,1.61,58.7,54.6,4.1,0.11,31798.0,"Danny Welbeck, João Pedro... - 10",Bart Verbruggen,,2024-2025 Premier League
9,Bournemouth,38,15,11,12,58,46,12,56,1.47,64.0,48.5,15.5,0.41,11210.0,Justin Kluivert - 12,Kepa Arrizabalaga,,2024-2025 Premier League
10,Brentford,38,16,8,14,66,57,9,56,1.47,59.0,55.4,3.6,0.09,18742.0,Bryan Mbeumo - 20,Mark Flekken,,2024-2025 Premier League
11,Fulham,38,15,9,14,54,54,0,54,1.42,49.0,47.2,1.8,0.05,26826.0,Raúl Jiménez - 12,Bernd Leno,,2024-2025 Premier League
12,Crystal Palace,38,13,14,11,51,51,0,53,1.39,60.4,49.1,11.3,0.3,25064.0,Jean-Philippe Mateta - 14,Dean Henderson,→ Europa League via cup win,2024-2025 Premier League
13,Everton,38,11,15,12,42,44,-2,48,1.26,41.8,46.2,-4.5,-0.12,38439.0,Iliman Ndiaye - 9,Jordan Pickford,,2024-2025 Premier League
14,West Ham,38,11,10,17,46,62,-16,43,1.13,47.0,59.7,-12.7,-0.33,62463.0,Jarrod Bowen - 13,Alphonse Areola,,2024-2025 Premier League
15,Manchester Utd,38,11,9,18,44,54,-10,42,1.11,52.6,53.8,-1.3,-0.03,73747.0,"Bruno Fernandes, Amad Diallo - 8",André Onana,,2024-2025 Premier League
16,Wolves,38,12,6,20,54,69,-15,42,1.11,43.7,58.1,-14.5,-0.38,30695.0,Matheus Cunha - 15,José Sá,,2024-2025 Premier League
17,Tottenham,38,11,5,22,64,65,-1,38,1.0,58.8,63.3,-4.5,-0.12,61127.0,Brennan Johnson - 11,Guglielmo Vicario,→ Champions League,2024-2025 Premier League
18,Leicester City,38,6,7,25,33,80,-47,25,0.66,32.6,71.9,-39.3,-1.03,31448.0,Jamie Vardy - 9,Mads Hermansen,Relegated,2024-2025 Premier League
19,Ipswich Town,38,4,10,24,36,82,-46,22,0.58,34.4,72.7,-38.3,-1.01,29742.0,Liam Delap - 12,Arijanet Muric,Relegated,2024-2025 Premier League
20,Southampton,38,2,6,30,26,86,-60,12,0.32,32.7,84.8,-52.1,-1.37,30882.0,Paul Onuachu - 4,Aaron Ramsdale,Relegated,2024-2025 Premier League
1,Napoli,38,24,10,4,59,27,32,82,2.16,52.9,29.6,23.3,0.61,50909.0,Romelu Lukaku - 14,Alex Meret,→ Champions League via league finish,2024-2025 Serie A
2,Inter,37,24,9,4,79,32,47,81,2.19,66.9,36.4,30.5,0.8,70126.0,Marcus Thuram - 14,Yann Sommer,→ Champions League via league finish,2024-2025 Serie A
3,Atalanta,38,22,8,8,78,37,41,74,1.95,65.0,38.6,26.4,0.69,22675.0,Mateo Retegui - 25,Marco Carnesecchi,→ Champions League via league finish,2024-2025 Serie A
4,Juventus,38,18,16,4,58,35,23,70,1.84,51.0,34.0,16.9,0.45,40275.0,Dušan Vlahović - 10,Michele Di Gregorio,→ Champions League via league finish,2024-2025 Serie A
5,Roma,38,20,9,9,56,35,21,69,1.82,53.0,40.9,12.1,0.32,61895.0,Artem Dovbyk - 12,Mile Svilar,→ Europa League via league finish,2024-2025 Serie A
6,Lazio,38,18,11,9,61,49,12,65,1.71,57.2,37.7,19.5,0.51,41161.0,"Pedro, Valentín Castellanos - 10",Ivan Provedel,,2024-2025 Serie A
7,Milan,38,18,9,11,61,43,18,63,1.66,63.7,41.3,22.4,0.59,71523.0,Christian Pulisic - 11,Mike Maignan,,2024-2025 Serie A
8,Fiorentina,37,18,8,11,57,41,16,62,1.68,48.9,42.8,6.1,0.16,20358.0,Moise Kean - 17,David de Gea,→ Conference League via league finish,2024-2025 Serie A
9,Bologna,38,16,14,8,57,47,10,62,1.63,49.3,36.7,12.6,0.33,27772.0,Riccardo Orsolini - 15,Łukasz Skorupski,→ Europa League via cup win,2024-2025 Serie A
10,Como,38,13,10,15,49,52,-3,49,1.29,45.4,43.0,2.4,0.06,10604.0,Assane Diao - 8,Jean Butez,,2024-2025 Serie A
11,Torino,38,10,14,14,39,45,-6,44,1.16,34.6,50.4,-15.8,-0.42,23327.0,Che Adams - 9,Vanja Milinković-Savić,,2024-2025 Serie A
12,Udinese,38,12,8,18,41,56,-15,44,1.16,38.2,52.6,-14.4,-0.38,21098.0,Lorenzo Lucca - 12,Maduka Okoye,,2024-2025 Serie A
13,Genoa,38,10,13,15,37,49,-12,43,1.13,37.2,47.2,-10.0,-0.26,31248.0,Andrea Pinamonti - 10,Nicola Leali,,2024-2025 Serie A
14,Hellas Verona,38,10,7,21,34,66,-32,37,0.97,33.8,53.4,-19.6,-0.51,25391.0,Casper Tengstedt - 6,Lorenzo Montipò,,2024-2025 Serie A
15,Cagliari,38,9,9,20,40,56,-16,36,0.95,42.7,55.3,-12.6,-0.33,16071.0,Roberto Piccoli - 10,Elia Caprile,,2024-2025 Serie A
16,Parma,38,7,15,16,44,58,-14,36,0.95,43.1,56.4,-13.3,-0.35,19236.0,Ange-Yoan Bonny - 6,Zion Suzuki,,2024-2025 Serie A
17,Lecce,38,8,10,20,27,58,-31,34,0.89,34.6,57.1,-22.5,-0.59,25980.0,Nikola Krstović - 11,Wladimiro Falcone,,2024-2025 Serie A
18,Empoli,38,6,13,19,33,59,-26,31,0.82,32.5,50.1,-17.6,-0.46,10648.0,Sebastiano Esposito - 8,Devis Vásquez,Relegated,2024-2025 Serie A
19,Venezia,38,5,14,19,32,56,-24,29,0.76,35.8,57.5,-21.7,-0.57,10415.0,Joel Pohjanpalo - 6,Filip Stankovic,Relegated,2024-2025 Serie A
20,Monza,38,3,9,26,28,69,-41,18,0.47,29.9,54.7,-24.8,-0.65,11271.0,Dany Mota - 5,Stefano Turati,Relegated,2024-2025 Serie A
1,Paris S-G,34,26,6,2,92,35,57,84,2.47,88.9,31.2,57.7,1.7,47413.0,Ousmane Dembélé - 21,Gianluigi Donnarumma,→ Champions League via league finish,2024-2025 Ligue 1
2,Marseille,34,20,5,9,74,47,27,65,1.91,63.8,45.2,18.6,0.55,63507.0,Mason Greenwood - 21,Gerónimo Rulli,→ Champions League via league finish,2024-2025 Ligue 1
3,Monaco,34,18,7,9,63,41,22,61,1.79,72.8,34.8,38.0,1.12,12164.0,Mika Biereth - 13,Philipp Köhn,→ Champions League via league finish,2024-2025 Ligue 1
4,Nice,34,17,9,8,66,41,25,60,1.76,61.6,40.2,21.4,0.63,24299.0,Evann Guessand - 12,Marcin Bułka,→ Champions League via league finish,2024-2025 Ligue 1
5,Lille,34,17,9,8,52,36,16,60,1.76,54.7,42.5,12.2,0.36,42417.0,Jonathan David - 16,Lucas Chevalier,→ Europa League via league finish,2024-2025 Ligue 1
6,Lyon,34,17,6,11,65,46,19,57,1.68,60.3,45.7,14.6,0.43,51191.0,Alexandre Lacazette - 15,Lucas Perri,→ Europa League via league finish,2024-2025 Ligue 1
7,Strasbourg,34,16,9,9,56,44,12,57,1.68,49.3,56.1,-6.9,-0.2,19378.0,Emanuel Emegha - 14,Đorđe Petrović,→ Conference League via league finish,2024-2025 Ligue 1
8,Lens,34,15,7,12,42,39,3,52,1.53,51.8,45.3,6.5,0.19,37971.0,Neil El Aynaoui - 8,Brice Samba,,2024-2025 Ligue 1
9,Brest,34,15,5,14,52,59,-7,50,1.47,45.4,57.4,-12.0,-0.35,14536.0,Ludovic Ajorque - 13,Marco Bizot,,2024-2025 Ligue 1
10,Toulouse,34,11,9,14,44,43,1,42,1.24,49.1,36.8,12.4,0.36,25593.0,Zakaria Aboukhlal - 7,Guillaume Restes,,2024-2025 Ligue 1
11,Auxerre,34,11,9,14,48,51,-3,42,1.24,41.0,58.6,-17.6,-0.52,16634.0,"Gaëtan Perrin, Hamed Junior Traorè - 10",Donovan Léon,,2024-2025 Ligue 1
12,Rennes,34,13,2,19,51,50,1,41,1.21,48.6,46.0,2.6,0.08,27970.0,Arnaud Kalimuendo - 17,Brice Samba,,2024-2025 Ligue 1
13,Nantes,34,8,12,14,39,52,-13,36,1.06,39.1,55.5,-16.4,-0.48,30317.0,Matthis Abline - 9,Anthony Lopes,,2024-2025 Ligue 1
14,Angers,34,10,6,18,32,53,-21,36,1.06,36.0,57.8,-21.8,-0.64,13142.0,Esteban Lepaul - 9,Yahia Fofana,,2024-2025 Ligue 1
15,Le Havre,34,10,4,20,40,71,-31,34,1.0,41.4,62.8,-21.4,-0.63,20218.0,Abdoulaye Touré - 10,Arthur Desmas,,2024-2025 Ligue 1
16,Reims,34,8,9,17,33,47,-14,33,0.97,37.4,57.4,-19.9,-0.59,15655.0,Keito Nakamura - 11,Yehvann Diouf,→ French 1/2 Relegation/Promotion play-offs,2024-2025 Ligue 1
17,Saint-Étienne,34,8,6,20,39,77,-38,30,0.88,36.4,74.3,-37.9,-1.15,30220.0,Lucas Stassin - 12,Gautier Larsonneur,Relegated,2024-2025 Ligue 1
18,Montpellier,34,4,4,26,23,79,-56,16,0.47,33.5,63.3,-29.9,-0.91,13483.0,Arnaud Nordin - 4,Benjamin Lecomte,Relegated,2024-2025 Ligue 1
1,Bayern Munich,34,25,7,2,99,32,67,82,2.41,81.7,25.5,56.2,1.65,75000.0,Harry Kane - 26,Manuel Neuer,→ Champions League via league finish,2024-2025 Bundesliga
2,Leverkusen,34,19,12,3,72,43,29,69,2.03,56.9,36.2,20.6,0.61,29961.0,Patrik Schick - 21,Lukáš Hrádecký,→ Champions League via league finish,2024-2025 Bundesliga
3,Eint Frankfurt,34,17,9,8,68,46,22,60,1.76,65.1,48.0,17.1,0.5,57600.0,"Omar Marmoush, Hugo Ekitike - 15",Kevin Trapp,→ Champions League via league finish,2024-2025 Bundesliga
4,Dortmund,34,17,6,11,71,51,20,57,1.68,61.2,42.8,18.4,0.54,81365.0,Serhou Guirassy - 21,Gregor Kobel,→ Champions League via league finish,2024-2025 Bundesliga
5,Freiburg,34,16,7,11,49,53,-4,55,1.62,44.3,42.4,1.8,0.05,34188.0,Ritsu Doan - 10,Noah Atubolu,→ Europa League via league finish,2024-2025 Bundesliga
6,Mainz 05,34,14,10,10,55,43,12,52,1.53,50.1,48.1,2.0,0.06,32354.0,Jonathan Burkardt - 18,Robin Zentner,→ Conference League via league finish,2024-2025 Bundesliga
7,RB Leipzig,34,13,12,9,53,48,5,51,1.5,46.6,53.3,-6.8,-0.2,44803.0,Benjamin Šeško - 13,Péter Gulácsi,,2024-2025 Bundesliga
8,Werder Bremen,34,14,9,11,54,57,-3,51,1.5,49.1,48.1,1.0,0.03,41350.0,Jens Stage - 10,Michael Zetterer,,2024-2025 Bundesliga
9,Stuttgart,34,14,8,12,64,53,11,50,1.47,62.3,46.9,15.4,0.45,59265.0,Ermedin Demirović - 15,Alexander Nübel,→ Europa League via cup win,2024-2025 Bundesliga
10,Gladbach,34,13,6,15,55,57,-2,45,1.32,50.6,63.4,-12.7,-0.37,53056.0,Tim Kleindienst - 16,Moritz Nicolas,,2024-2025 Bundesliga
11,Wolfsburg,34,11,10,13,56,54,2,43,1.26,47.5,52.5,-5.1,-0.15,24660.0,Mohamed Amoura - 10,Kamil Grabara,,2024-2025 Bundesliga
12,Augsburg,34,11,10,13,35,51,-16,43,1.26,34.7,48.9,-14.2,-0.42,29820.0,Alexis Claude-Maurice - 9,Finn Dahmen,,2024-2025 Bundesliga
13,Union Berlin,34,10,10,14,35,51,-16,40,1.18,37.0,47.8,-10.7,-0.32,21953.0,Benedict Hollerbach - 9,Frederik Rønnow,,2024-2025 Bundesliga
14,St. Pauli,34,8,8,18,28,41,-13,32,0.94,35.3,45.4,-10.1,-0.3,29506.0,Morgan Guilavogui - 6,Nikola Vasilj,,2024-2025 Bundesliga
15,Hoffenheim,34,7,11,16,46,68,-22,32,0.94,42.6,55.8,-13.1,-0.39,25309.0,Andrej Kramarić - 11,Oliver Baumann,,2024-2025 Bundesliga
16,Heidenheim,34,8,5,21,37,64,-27,29,0.85,40.3,57.6,-17.4,-0.51,15000.0,Marvin Pieringer - 7,Kevin Müller,→ German 1/2 Relegation/Promotion play-offs,2024-2025 Bundesliga
17,Holstein Kiel,34,6,7,21,49,80,-31,25,0.74,39.8,61.0,-21.1,-0.62,14893.0,Shuto Machino - 11,Timon Weiner,Relegated,2024-2025 Bundesliga
18,Bochum,34,6,7,21,33,67,-34,25,0.74,41.8,63.2,-21.3,-0.63,25540.0,Myron Boadu - 9,Patrick Drewes,Relegated,2024-2025 Bundesliga
1,Barcelona,38,28,4,6,102,39,63,88,2.32,91.5,41.9,49.5,1.3,45953.0,Robert Lewandowski - 27,Iñaki Peña,→ Champions League via league finish,2024-2025
2,Real Madrid,38,26,6,6,78,38,40,84,2.21,75.3,42.8,32.5,0.86,69807.0,Kylian Mbappé - 31,Thibaut Courtois,→ Champions League via league finish,2024-2025
3,Atlético Madrid,38,22,10,6,68,30,38,76,2.0,64.6,33.4,31.2,0.82,60883.0,Alexander Sørloth - 20,Jan Oblak,→ Champions League via league finish,2024-2025
4,Athletic Club,38,19,13,6,54,29,25,70,1.84,53.0,37.8,15.2,0.4,48420.0,Oihan Sancet - 15,Unai Simón,→ Champions League via league finish,2024-2025
5,Villarreal,38,20,10,8,71,51,20,70,1.84,64.8,44.4,20.4,0.54,18266.0,Ayoze Pérez - 19,Diego Conde,→ Champions League via league finish,2024-2025
6,Betis,38,16,12,10,57,50,7,60,1.58,54.7,50.6,4.1,0.11,51542.0,Isco - 9,Adrián,→ Europa League via league finish,2024-2025
7,Celta Vigo,38,16,7,15,59,57,2,55,1.45,54.2,43.4,10.9,0.29,21504.0,Borja Iglesias - 11,Vicente Guaita,→ Europa League via league finish,2024-2025
8,Rayo Vallecano,38,13,13,12,41,45,-4,52,1.37,45.4,49.0,-3.5,-0.09,12908.0,Jorge de Frutos - 6,Augusto Batalla,→ Conference League via league finish,2024-2025
9,Osasuna,38,12,16,10,48,52,-4,52,1.37,44.0,53.7,-9.6,-0.25,20476.0,Ante Budimir - 21,Sergio Herrera,,2024-2025
10,Mallorca,38,13,9,16,35,44,-9,48,1.26,38.8,46.8,-8.1,-0.21,18502.0,"Cyle Larin, Vedat Muriqi - 7",Dominik Greif,,2024-2025
11,Real Sociedad,38,13,7,18,35,46,-11,46,1.21,42.5,43.9,-1.5,-0.04,29877.0,Mikel Oyarzabal - 9,Álex Remiro,,2024-2025
12,Valencia,38,11,13,14,44,54,-10,46,1.21,43.2,51.9,-8.6,-0.23,43042.0,Hugo Duro - 11,Giorgi Mamardashvili,,2024-2025
13,Getafe,38,11,9,18,34,39,-5,42,1.11,36.8,46.2,-9.4,-0.25,11469.0,Mauro Arambarri - 10,David Soria,,2024-2025
14,Espanyol,38,11,9,18,40,51,-11,42,1.11,34.4,53.8,-19.4,-0.51,25640.0,Javi Puado - 12,Joan García,,2024-2025
15,Alavés,38,10,12,16,38,48,-10,42,1.11,42.8,47.0,-4.2,-0.11,17318.0,Kiké - 13,Antonio Sivera,,2024-2025
16,Girona,38,11,8,19,44,60,-16,41,1.08,42.5,50.4,-8.0,-0.21,11657.0,Cristhian Stuani - 11,Paulo Gazzaniga,,2024-2025
17,Sevilla,38,10,11,17,42,55,-13,41,1.08,42.7,47.4,-4.7,-0.12,35619.0,Dodi Lukebakio - 11,Ørjan Nyland,,2024-2025
18,Leganés,38,9,13,16,39,56,-17,40,1.05,36.0,59.4,-23.4,-0.62,11135.0,Dani Raba - 8,Marko Dmitrović,Relegated,2024-2025
19,Las Palmas,38,8,8,22,40,61,-21,32,0.84,36.3,66.8,-30.5,-0.8,23010.0,Fábio Silva - 10,Jasper Cillessen,Relegated,2024-2025
20,Valladolid,38,4,4,30,26,90,-64,16,0.42,34.6,67.6,-33.0,-0.87,19831.0,Mamadou Sylla - 5,Karl Jakob Hein,Relegated,2024-2025
1,Real Madrid,38,29,8,1,87,26,61,95,2.5,68.8,35.4,33.4,0.88,72061.0,Jude Bellingham - 19,Andriy Lunin,→ Champions League via league finish,2023-2024
2,Barcelona,38,26,7,5,79,44,35,85,2.24,77.6,41.6,35.9,0.94,39846.0,Robert Lewandowski - 19,Marc-André ter Stegen,→ Champions League via league finish,2023-2024
3,Girona,38,25,6,7,85,46,39,81,2.13,70.8,54.3,16.5,0.43,12520.0,Artem Dovbyk - 24,Paulo Gazzaniga,→ Champions League via league finish,2023-2024
4,Atlético Madrid,38,24,4,10,70,43,27,76,2.0,62.4,39.5,23.0,0.6,59121.0,Antoine Griezmann - 16,Jan Oblak,→ Champions League via league finish,2023-2024
5,Athletic Club,38,19,11,8,61,37,24,68,1.79,52.7,41.3,11.4,0.3,46112.0,Gorka Guruzeta - 14,Unai Simón,→ Europa League via cup win,2023-2024
6,Real Sociedad,38,16,12,10,51,39,12,60,1.58,44.9,41.3,3.6,0.1,31710.0,Mikel Oyarzabal - 9,Álex Remiro,→ Europa League via league finish,2023-2024
7,Betis,38,14,15,9,48,45,3,57,1.5,43.9,50.2,-6.3,-0.17,51259.0,Willian José - 10,Rui Silva,→ Conference League via league finish,2023-2024
8,Villarreal,38,14,11,13,65,65,0,53,1.39,55.6,58.7,-3.2,-0.08,17957.0,Alexander Sørloth - 23,Filip Jørgensen,,2023-2024
9,Valencia,38,13,10,15,40,45,-5,49,1.29,43.1,47.6,-4.5,-0.12,43420.0,Hugo Duro - 13,Giorgi Mamardashvili,,2023-2024
10,Alavés,38,12,10,16,36,46,-10,46,1.21,46.2,44.7,1.5,0.04,17391.0,Samu Omorodion - 8,Antonio Sivera,,2023-2024
11,Osasuna,38,12,9,17,45,56,-11,45,1.18,40.5,49.9,-9.4,-0.25,19703.0,Ante Budimir - 17,Sergio Herrera,,2023-2024
12,Getafe,38,10,13,15,42,54,-12,43,1.13,45.7,53.8,-8.1,-0.21,11456.0,Borja Mayoral - 15,David Soria,,2023-2024
13,Celta Vigo,38,10,11,17,46,57,-11,41,1.08,50.7,54.6,-3.8,-0.1,20039.0,Jørgen Strand Larsen - 13,Vicente Guaita,,2023-2024
14,Sevilla,38,10,11,17,48,54,-6,41,1.08,44.9,55.9,-11.0,-0.29,34984.0,Youssef En-Nesyri - 16,Ørjan Nyland,,2023-2024
15,Mallorca,38,8,16,14,33,44,-11,40,1.05,40.5,42.9,-2.5,-0.06,17767.0,Vedat Muriqi - 7,Predrag Rajković,,2023-2024
16,Las Palmas,38,10,10,18,33,47,-14,40,1.05,33.2,56.6,-23.5,-0.62,25041.0,Kirian Rodríguez - 6,Álvaro Vallés,,2023-2024
17,Rayo Vallecano,38,8,14,16,29,48,-19,38,1.0,42.3,44.6,-2.3,-0.06,12749.0,Álvaro García - 6,Stole Dimitrievski,,2023-2024
18,Cádiz,38,6,15,17,26,55,-29,33,0.87,36.0,52.3,-16.3,-0.43,18016.0,Chris Ramos - 5,Jeremías Ledesma,Relegated,2023-2024
19,Almería,38,3,12,23,43,75,-32,21,0.55,48.7,61.6,-12.9,-0.34,12893.0,Sergio Arribas - 9,Luís Maximiano,Relegated,2023-2024
20,Granada,38,4,9,25,38,79,-41,21,0.55,42.6,64.2,-21.6,-0.57,16350.0,Myrto Uzuni - 11,Augusto Batalla,Relegated,2023-2024
1,Barcelona,38,28,4,6,70,20,50,88,2.32,75.5,33.2,42.3,1.11,83498.0,Robert Lewandowski - 23,Marc-André ter Stegen,→ Champions League via league finish,2022-2023
2,Real Madrid,38,24,6,8,75,36,39,78,2.05,75.5,38.9,36.6,0.96,56649.0,Karim Benzema - 19,Thibaut Courtois,→ Champions League via league finish,2022-2023
3,Atlético Madrid,38,23,8,7,70,33,37,77,2.03,61.9,41.1,20.8,0.55,55800.0,Antoine Griezmann - 15,Jan Oblak,→ Champions League via league finish,2022-2023
4,Real Sociedad,38,21,8,9,51,35,16,71,1.87,52.9,33.0,19.8,0.52,32189.0,Alexander Sørloth - 12,Álex Remiro,→ Champions League via league finish,2022-2023
5,Villarreal,38,19,7,12,59,40,19,64,1.68,61.6,49.9,11.8,0.31,16406.0,Nicolas Jackson - 12,Pepe Reina,→ Europa League via league finish,2022-2023
6,Betis,38,17,9,12,46,41,5,60,1.58,51.3,50.0,1.3,0.03,49635.0,Borja Iglesias - 15,Rui Silva,→ Europa League via league finish,2022-2023
7,Osasuna,38,15,8,15,37,42,-5,53,1.39,39.8,45.7,-5.9,-0.15,19655.0,"Ante Budimir, Ezequiel Ávila - 8",Aitor Fernández,→ Conference League via league finish,2022-2023
8,Athletic Club,38,14,9,15,47,43,4,51,1.34,54.2,36.9,17.3,0.46,43488.0,"Iñaki Williams, Oihan Sancet - 10",Unai Simón,,2022-2023
9,Mallorca,38,14,8,16,37,43,-6,50,1.32,35.2,46.4,-11.2,-0.3,14799.0,Vedat Muriqi - 15,Predrag Rajković,,2022-2023
10,Girona,38,13,10,15,58,55,3,49,1.29,50.6,54.9,-4.3,-0.11,11471.0,Valentín Castellanos - 13,Paulo Gazzaniga,,2022-2023
11,Rayo Vallecano,38,13,10,15,45,53,-8,49,1.29,43.9,50.3,-6.4,-0.17,12525.0,Isaac Palazón Camacho - 9,Stole Dimitrievski,,2022-2023
12,Sevilla,38,13,10,15,47,54,-7,49,1.29,46.3,54.2,-7.9,-0.21,35566.0,Youssef En-Nesyri - 8,Yassine Bounou,,2022-2023
13,Celta Vigo,38,11,10,17,43,53,-10,43,1.13,42.6,45.4,-2.8,-0.07,14425.0,Iago Aspas - 12,"Agustín Marchesín, Iván Villar",,2022-2023
14,Cádiz,38,10,12,16,30,53,-23,42,1.11,41.5,61.6,-20.1,-0.53,17741.0,"Theo Bongonda, Gonzalo Escalante - 4",Jeremías Ledesma,,2022-2023
15,Getafe,38,10,12,16,34,45,-11,42,1.11,36.7,46.0,-9.4,-0.25,11592.0,Enes Ünal - 14,David Soria,,2022-2023
16,Valencia,38,11,9,18,42,45,-3,42,1.11,49.3,43.5,5.8,0.15,40602.0,"Samuel Lino, Justin Kluivert - 6",Giorgi Mamardashvili,,2022-2023
17,Almería,38,11,8,19,49,65,-16,41,1.08,45.5,62.5,-17.0,-0.45,12961.0,El Bilal Touré - 7,Fernando,,2022-2023
18,Valladolid,38,11,7,20,33,63,-30,40,1.05,38.5,65.2,-26.6,-0.7,20943.0,Cyle Larin - 8,Jordi Masip,Relegated,2022-2023
19,Espanyol,38,8,13,17,52,69,-17,37,0.97,48.3,59.8,-11.5,-0.3,21601.0,Joselu - 16,Fernando Pacheco,Relegated,2022-2023
20,Elche,38,5,10,23,30,67,-37,25,0.66,37.5,70.0,-32.6,-0.86,19875.0,Lucas Boyé - 7,Édgar Badía,Relegated,2022-2023
1,Real Madrid,38,26,8,4,80,31,49,86,2.26,71.7,43.9,27.8,0.73,41235.0,Karim Benzema - 27,Thibaut Courtois,→ Champions League via league finish,2021-2022
2,Barcelona,38,21,10,7,68,38,30,73,1.92,63.4,34.4,29.0,0.76,53982.0,Memphis - 12,Marc-André ter Stegen,→ Champions League via league finish,2021-2022
3,Atlético Madrid,38,21,8,9,65,43,22,71,1.87,54.4,33.4,21.1,0.56,48039.0,Ángel Correa - 12,Jan Oblak,→ Champions League via league finish,2021-2022
4,Sevilla,38,18,16,4,53,30,23,70,1.84,42.4,36.9,5.4,0.14,29756.0,Rafa Mir - 10,Yassine Bounou,→ Champions League via league finish,2021-2022
5,Betis,38,19,8,11,62,40,22,65,1.71,53.5,43.4,10.1,0.27,41749.0,Juanmi - 16,Rui Silva,→ Europa League via cup win,2021-2022
6,Real Sociedad,38,17,11,10,40,37,3,62,1.63,51.5,38.7,12.8,0.34,26813.0,Mikel Oyarzabal - 9,Álex Remiro,→ Europa League via league finish,2021-2022
7,Villarreal,38,16,11,11,63,37,26,59,1.55,64.2,44.8,19.4,0.51,14293.0,Arnaut Danjuma - 10,Gerónimo Rulli,→ Europa Conference League via league finish,2021-2022
8,Athletic Club,38,14,13,11,43,36,7,55,1.45,49.6,38.4,11.3,0.3,32949.0,Iñaki Williams - 8,Unai Simón,,2021-2022
9,Valencia,38,11,15,12,48,53,-5,48,1.26,39.0,47.7,-8.7,-0.23,27349.0,"Gonçalo Guedes, Carlos Soler - 11",Giorgi Mamardashvili,,2021-2022
10,Osasuna,38,12,11,15,37,51,-14,47,1.24,36.7,46.3,-9.6,-0.25,17107.0,Ante Budimir - 8,Sergio Herrera,,2021-2022
11,Celta Vigo,38,12,10,16,43,43,0,46,1.21,43.1,45.7,-2.6,-0.07,10014.0,Iago Aspas - 18,Matías Dituro,,2021-2022
12,Rayo Vallecano,38,11,9,18,39,50,-11,42,1.11,42.8,48.4,-5.6,-0.15,7866.0,Sergi Guardiola - 8,Stole Dimitrievski,,2021-2022
13,Elche,38,11,9,18,40,52,-12,42,1.11,33.7,59.1,-25.4,-0.67,15640.0,Pere Milla - 8,Édgar Badía,,2021-2022
14,Espanyol,38,10,12,16,40,53,-13,42,1.11,36.7,51.2,-14.5,-0.38,17362.0,Raúl de Tomás - 17,Diego López,,2021-2022
15,Getafe,38,8,15,15,33,41,-8,39,1.03,29.3,38.6,-9.3,-0.25,8702.0,Enes Ünal - 16,David Soria,,2021-2022
16,Mallorca,38,10,9,19,36,63,-27,39,1.03,38.8,49.3,-10.5,-0.28,12712.0,"Vedat Muriqi, Salva Sevilla - 5",Manolo Reina,,2021-2022
17,Cádiz,38,8,15,15,35,51,-16,39,1.03,39.5,48.3,-8.7,-0.23,14055.0,"Anthony Lozano, Álvaro Negredo - 7",Jeremías Ledesma,,2021-2022
18,Granada,38,8,14,16,44,61,-17,38,1.0,39.0,61.2,-22.2,-0.59,13710.0,Jorge Molina - 10,Luís Maximiano,Relegated,2021-2022
19,Levante,38,8,11,19,51,76,-25,35,0.92,55.1,55.0,0.1,0.0,14961.0,José Luis Morales - 13,Dani Cárdenas,Relegated,2021-2022
20,Alavés,38,8,7,23,31,65,-34,31,0.82,37.3,57.0,-19.7,-0.52,10952.0,Joselu - 14,Fernando Pacheco,Relegated,2021-2022
1,Atlético Madrid,38,26,8,4,67,25,42,86,2.26,52.8,37.1,15.7,0.41,,Luis Suárez - 21,Jan Oblak,→ Champions League via league finish,2020-2021
2,Real Madrid,38,25,9,4,67,28,39,84,2.21,61.5,37.6,23.9,0.63,,Karim Benzema - 23,Thibaut Courtois,→ Champions League via league finish,2020-2021
3,Barcelona,38,24,7,7,85,38,47,79,2.08,73.5,40.8,32.7,0.86,,Lionel Messi - 30,Marc-André ter Stegen,→ Champions League via league finish,2020-2021
4,Sevilla,38,24,5,9,53,33,20,77,2.03,54.4,34.8,19.6,0.52,,Youssef En-Nesyri - 18,Yassine Bounou,→ Champions League via league finish,2020-2021
5,Real Sociedad,38,17,11,10,59,38,21,62,1.63,60.7,39.2,21.5,0.57,,Alexander Isak - 17,Álex Remiro,→ Europa League via league finish,2020-2021
6,Betis,38,17,10,11,50,50,0,61,1.61,49.1,46.8,2.3,0.06,,Borja Iglesias - 11,Claudio Bravo,→ Europa League via league finish 1,2020-2021
7,Villarreal,38,15,13,10,60,44,16,58,1.53,56.4,42.5,13.9,0.37,253.0,Gerard Moreno - 23,Sergio Asenjo,,2020-2021
8,Celta Vigo,38,14,11,13,55,57,-2,53,1.39,50.4,51.0,-0.6,-0.02,91.0,Iago Aspas - 14,Iván Villar,,2020-2021
9,Granada,38,13,7,18,47,65,-18,46,1.21,41.1,56.2,-15.0,-0.4,,Roberto Soldado - 9,Rui Silva,,2020-2021
10,Athletic Club,38,11,13,14,46,42,4,46,1.21,42.8,37.5,5.3,0.14,,Álex Berenguer - 8,Unai Simón,,2020-2021
11,Osasuna,38,11,11,16,37,48,-11,44,1.16,38.7,47.8,-9.0,-0.24,,Ante Budimir - 11,Sergio Herrera,,2020-2021
12,Cádiz,38,11,11,16,36,58,-22,44,1.16,34.7,55.4,-20.7,-0.54,,Álvaro Negredo - 8,Jeremías Ledesma,,2020-2021
13,Valencia,38,10,13,15,50,53,-3,43,1.13,42.6,52.2,-9.6,-0.25,142.0,Carlos Soler - 11,Jaume Doménech,,2020-2021
14,Levante,38,9,14,15,46,57,-11,41,1.08,40.4,53.5,-13.1,-0.34,,José Luis Morales - 13,Aitor Fernández,,2020-2021
15,Getafe,38,9,11,18,28,43,-15,38,1.0,34.4,40.3,-5.9,-0.16,,"Ángel Rodríguez, Jaime Mata - 5",David Soria,,2020-2021
16,Alavés,38,9,11,18,36,57,-21,38,1.0,42.6,49.9,-7.3,-0.19,,Joselu - 11,Fernando Pacheco,,2020-2021
17,Elche,38,8,12,18,34,55,-21,36,0.95,29.9,60.9,-31.0,-0.82,185.0,Lucas Boyé - 7,Édgar Badía,,2020-2021
18,Huesca,38,7,13,18,34,53,-19,34,0.89,38.7,48.1,-9.4,-0.25,,Rafa Mir - 13,Álvaro Fernández,Relegated,2020-2021
19,Valladolid,38,5,16,17,34,57,-23,31,0.82,40.1,52.9,-12.8,-0.34,,"Fabián Orellana, Shon Weissman - 6",Jordi Masip,Relegated,2020-2021
20,Eibar,38,6,12,20,29,52,-23,30,0.79,45.2,45.7,-0.5,-0.01,,Kiké - 12,Marko Dmitrović,Relegated,2020-2021
1,Real Madrid,38,26,9,3,70,25,45,87,2.29,67.9,33.3,34.6,0.91,45833.0,Karim Benzema - 21,Thibaut Courtois,→ Champions League via league finish,2019-2020
2,Barcelona,38,25,7,6,86,38,48,82,2.16,66.3,38.3,28.0,0.74,54223.0,Lionel Messi - 25,Marc-André ter Stegen,→ Champions League via league finish,2019-2020
3,Atlético Madrid,38,18,16,4,51,27,24,70,1.84,56.8,32.5,24.4,0.64,42236.0,Álvaro Morata - 12,Jan Oblak,→ Champions League via league finish,2019-2020
4,Sevilla,38,19,13,6,54,34,20,70,1.84,53.2,36.1,17.1,0.45,25016.0,Lucas Ocampos - 14,Tomáš Vaclík,→ Champions League via league finish,2019-2020
5,Villarreal,38,18,6,14,63,49,14,60,1.58,63.6,46.3,17.3,0.45,11321.0,Gerard Moreno - 18,Sergio Asenjo,→ Europa League via league finish 1,2019-2020
6,Real Sociedad,38,16,8,14,56,48,8,56,1.47,48.9,43.0,5.8,0.15,21204.0,Willian José - 11,Álex Remiro,→ Europa League via league finish,2019-2020
7,Granada,38,16,8,14,52,45,7,56,1.47,44.9,42.6,2.3,0.06,11174.0,Carlos Fernández - 10,Rui Silva,→ Europa League via league finish,2019-2020
8,Getafe,38,14,12,12,43,37,6,54,1.42,41.6,41.4,0.2,0.0,8000.0,Jaime Mata - 11,David Soria,,2019-2020
9,Valencia,38,14,11,13,46,53,-7,53,1.39,43.3,56.0,-12.7,-0.33,29658.0,Maxi Gómez - 10,Jasper Cillessen,,2019-2020
10,Osasuna,38,13,13,12,46,54,-8,52,1.37,49.4,49.4,0.1,0.0,11453.0,Ezequiel Ávila - 9,Sergio Herrera,,2019-2020
11,Athletic Club,38,13,12,13,41,38,3,51,1.34,41.5,48.8,-7.3,-0.19,28039.0,Raúl García - 15,Unai Simón,,2019-2020
12,Levante,38,14,7,17,47,53,-6,49,1.29,48.1,62.9,-14.8,-0.39,13196.0,Roger Martí - 11,Aitor Fernández,,2019-2020
13,Valladolid,38,9,15,14,32,43,-11,42,1.11,36.6,54.5,-18.0,-0.47,13580.0,Sergi Guardiola - 8,Jordi Masip,,2019-2020
14,Eibar,38,11,9,18,39,56,-17,42,1.11,42.0,53.0,-11.0,-0.29,4151.0,Fabián Orellana - 8,Marko Dmitrović,,2019-2020
15,Betis,38,10,11,17,48,60,-12,41,1.08,51.0,54.8,-3.7,-0.1,35969.0,Loren Morón - 10,Joel Robles,,2019-2020
16,Alavés,38,10,9,19,34,59,-25,39,1.03,39.3,57.8,-18.5,-0.49,12177.0,"Joselu, Lucas Pérez - 11",Fernando Pacheco,,2019-2020
17,Celta Vigo,38,7,16,15,37,49,-12,37,0.97,39.2,45.3,-6.1,-0.16,11995.0,Iago Aspas - 14,Rubén Blanco,,2019-2020
18,Leganés,38,8,12,18,30,51,-21,36,0.95,39.9,42.8,-2.9,-0.08,7539.0,Óscar Rodríguez Arnaiz - 9,Iván Cuéllar,Relegated,2019-2020
19,Mallorca,38,9,6,23,40,65,-25,33,0.87,41.1,63.5,-22.4,-0.59,10877.0,Ante Budimir - 13,Manolo Reina,Relegated,2019-2020
20,Espanyol,38,5,10,23,27,58,-31,25,0.66,38.6,51.0,-12.4,-0.33,16260.0,"Raúl de Tomás, David López... - 4",Diego López,Relegated,2019-2020
1,Barcelona,38,26,9,3,90,36,54,87,2.29,75.8,45.3,30.5,0.8,76104.0,Lionel Messi - 36,Marc-André ter Stegen,→ Champions League via league finish,2018-2019
2,Atlético Madrid,38,22,10,6,55,29,26,76,2.0,47.3,41.9,5.4,0.14,56216.0,Antoine Griezmann - 15,Jan Oblak,→ Champions League via league finish,2018-2019
3,Real Madrid,38,21,5,12,63,46,17,68,1.79,66.7,47.1,19.6,0.52,61040.0,Karim Benzema - 21,Thibaut Courtois,→ Champions League via league finish,2018-2019
4,Valencia,38,15,16,7,51,35,16,61,1.61,60.7,42.9,17.8,0.47,39504.0,Daniel Parejo - 9,Neto,→ Champions League via league finish,2018-2019
5,Getafe,38,15,14,9,48,35,13,59,1.55,46.2,43.6,2.6,0.07,11000.0,"Jorge Molina, Jaime Mata - 14",David Soria,→ Europa League via league finish,2018-2019
6,Sevilla,38,17,8,13,62,47,15,59,1.55,66.6,45.4,21.3,0.56,35993.0,Wissam Ben Yedder - 18,Tomáš Vaclík,→ Europa League via league finish 1,2018-2019
7,Espanyol,38,14,11,13,48,50,-2,53,1.39,48.9,53.8,-4.9,-0.13,19388.0,Borja Iglesias - 17,Diego López,→ Europa League via league finish,2018-2019
8,Athletic Club,38,13,14,11,41,45,-4,53,1.39,43.4,45.7,-2.3,-0.06,40664.0,Iñaki Williams - 13,Iago Herrerín,,2018-2019
9,Real Sociedad,38,13,11,14,45,46,-1,50,1.32,49.7,48.6,1.1,0.03,22310.0,Mikel Oyarzabal - 13,Gerónimo Rulli,,2018-2019
10,Betis,38,14,8,16,44,52,-8,50,1.32,47.1,49.4,-2.4,-0.06,44525.0,Giovani Lo Celso - 9,Pau López,,2018-2019
11,Alavés,38,13,11,14,39,50,-11,50,1.32,41.1,53.2,-12.1,-0.32,17295.0,Jonathan Calleri - 9,Fernando Pacheco,,2018-2019
12,Eibar,38,11,14,13,46,50,-4,47,1.24,54.8,45.9,9.0,0.24,4896.0,Charles - 14,Marko Dmitrović,,2018-2019
13,Leganés,38,11,12,15,37,43,-6,45,1.18,40.6,41.2,-0.6,-0.02,10416.0,Youssef En-Nesyri - 9,Iván Cuéllar,,2018-2019
14,Villarreal,38,10,14,14,49,52,-3,44,1.16,53.9,55.0,-1.1,-0.03,16732.0,Karl Toko Ekambi - 10,Sergio Asenjo,,2018-2019
15,Levante,38,11,11,16,59,66,-7,44,1.16,53.9,76.2,-22.3,-0.59,20216.0,Roger Martí - 13,Oier Olazábal,,2018-2019
16,Valladolid,38,10,11,17,32,51,-19,41,1.08,41.1,58.5,-17.5,-0.46,18992.0,Enes Ünal - 6,Jordi Masip,,2018-2019
17,Celta Vigo,38,10,11,17,53,62,-9,41,1.08,46.5,60.9,-14.4,-0.38,17603.0,Iago Aspas - 20,Rubén Blanco,,2018-2019
18,Girona,38,9,10,19,37,53,-16,37,0.97,43.5,52.7,-9.2,-0.24,10948.0,Cristhian Stuani - 19,Yassine Bounou,Relegated,2018-2019
19,Huesca,38,7,12,19,43,65,-22,33,0.87,50.8,60.2,-9.4,-0.25,6605.0,Ezequiel Ávila - 10,Roberto Santamaría,Relegated,2018-2019
20,Rayo Vallecano,38,8,8,22,41,70,-29,32,0.84,48.7,60.0,-11.3,-0.3,11928.0,Raúl de Tomás - 14,Stole Dimitrievski,Relegated,2018-2019
1,Barcelona,38,28,9,1,99,29,70,93,2.45,83.5,41.9,41.6,1.09,67142.0,Lionel Messi - 34,Marc-André ter Stegen,→ Champions League via league finish,2017-2018
2,Atlético Madrid,38,23,10,5,58,22,36,79,2.08,50.2,35.8,14.4,0.38,52707.0,Antoine Griezmann - 19,Jan Oblak,→ Champions League via Europa League win,2017-2018
3,Real Madrid,38,22,10,6,94,44,50,76,2.0,85.4,43.2,42.2,1.11,66863.0,Cristiano Ronaldo - 26,Keylor Navas,→ Champions League via Champions League win,2017-2018
4,Valencia,38,22,7,9,65,38,27,73,1.92,56.0,48.3,7.7,0.2,38607.0,Rodrigo - 16,Neto,→ Champions League via league finish,2017-2018
5,Villarreal,38,18,7,13,57,50,7,61,1.61,53.3,53.4,-0.1,0.0,16779.0,Carlos Bacca - 15,Sergio Asenjo,→ Europa League via league finish,2017-2018
6,Betis,38,18,6,14,60,61,-1,60,1.58,46.0,49.0,-3.1,-0.08,46781.0,Sergio León - 11,Antonio Adán,→ Europa League via league finish 1,2017-2018
7,Sevilla,38,17,7,14,49,58,-9,58,1.53,59.5,54.4,5.2,0.14,33006.0,Wissam Ben Yedder - 9,Sergio Rico,→ Europa League via league finish,2017-2018
8,Getafe,38,15,10,13,42,33,9,55,1.45,48.2,39.7,8.5,0.22,10428.0,Ángel Rodríguez - 13,Vicente Guaita,,2017-2018
9,Eibar,38,14,9,15,44,50,-6,51,1.34,40.9,44.4,-3.5,-0.09,5338.0,"Charles, Kiké - 8",Marko Dmitrović,,2017-2018
10,Girona,38,14,9,15,50,59,-9,51,1.34,50.6,50.4,0.2,0.01,10424.0,Cristhian Stuani - 21,Yassine Bounou,,2017-2018
11,Espanyol,38,12,13,13,36,42,-6,49,1.29,41.1,52.3,-11.1,-0.29,17882.0,Gerard Moreno - 16,Pau López,,2017-2018
12,Real Sociedad,38,14,7,17,66,59,7,49,1.29,53.7,50.5,3.1,0.08,19793.0,Willian José - 15,Gerónimo Rulli,,2017-2018
13,Celta Vigo,38,13,10,15,59,60,-1,49,1.29,55.0,55.3,-0.3,-0.01,16195.0,Iago Aspas - 22,Rubén Blanco,,2017-2018
14,Alavés,38,15,2,21,40,50,-10,47,1.24,38.5,55.9,-17.4,-0.46,18845.0,Munir El Haddadi - 10,Fernando Pacheco,,2017-2018
15,Levante,38,11,13,14,44,58,-14,46,1.21,44.7,63.6,-18.8,-0.5,18534.0,José Luis Morales - 10,Oier Olazábal,,2017-2018
16,Athletic Club,38,10,13,15,41,49,-8,43,1.13,49.7,50.3,-0.6,-0.02,37246.0,Raúl García - 10,Kepa Arrizabalaga,,2017-2018
17,Leganés,38,12,7,19,34,51,-17,43,1.13,39.9,47.6,-7.6,-0.2,9969.0,Gabriel - 5,Iván Cuéllar,,2017-2018
18,La Coruña,38,6,11,21,38,76,-38,29,0.76,51.6,58.7,-7.1,-0.19,20542.0,Adrián López - 9,Rubén,Relegated,2017-2018
19,Las Palmas,38,5,7,26,24,74,-50,22,0.58,38.5,70.5,-32.0,-0.84,16183.0,Jonathan Calleri - 9,Leandro Chichizola,Relegated,2017-2018
20,Málaga,38,5,5,28,24,61,-37,20,0.53,38.4,59.4,-21.0,-0.55,20333.0,Diego Rolán - 5,Roberto,Relegated,2017-2018
1,Barcelona,30,28,0,2,128,16,112,84,2.8,109.0,12.7,96.4,3.21,,Ewa Pajor - 25,Cata Coll,,2024-2025-femenino
2,Real Madrid,30,24,4,2,87,28,59,76,2.53,76.1,22.1,54.0,1.8,,Alba Redondo - 15,Misa Rodríguez,,2024-2025-femenino
3,Atlético Madrid,30,16,10,4,49,23,26,58,1.93,41.4,28.3,13.0,0.43,,Rasheedat Ajibade - 7,Dolores Gallardo,,2024-2025-femenino
4,Athletic Club,30,16,3,11,40,32,8,51,1.7,34.5,32.0,2.4,0.08,,Ane Azkona - 6,Adriana Nanclares,,2024-2025-femenino
5,Granada,30,14,3,13,42,45,-3,45,1.5,35.5,42.6,-7.0,-0.23,,Edna Imade - 16,Sandra Estévez,,2024-2025-femenino
6,UDG Tenerife,30,11,9,10,40,36,4,42,1.4,32.5,36.6,-4.1,-0.14,,"Gift Monday, Rinsola Babajide - 10",Noelia Ramos,,2024-2025-femenino
7,Real Sociedad,30,12,5,13,40,45,-5,41,1.37,37.1,38.4,-1.3,-0.04,,Amaiur Sarriegi - 10,Elene Lete,,2024-2025-femenino
8,Eibar,30,10,8,12,24,41,-17,38,1.27,22.2,43.9,-21.7,-0.72,,Esperanza Pizarro - 5,Eunate Astralaga,,2024-2025-femenino
9,Sevilla,30,10,6,14,32,47,-15,36,1.2,32.2,38.4,-6.2,-0.21,,Natalia Padilla-Bidas - 11,Esther Sullastres,,2024-2025-femenino
10,Madrid CFF,30,9,6,15,37,62,-25,33,1.1,34.1,41.5,-7.4,-0.25,,Emilie Nautnes - 9,Paola Ulloa,,2024-2025-femenino
11,Espanyol,30,7,11,12,29,50,-21,32,1.07,27.1,48.8,-21.7,-0.72,,Lice Chamorro - 7,Romane Salvador,,2024-2025-femenino
12,Levante,30,8,7,15,30,45,-15,31,1.03,27.6,48.1,-20.5,-0.68,,Ivonne Chacón - 11,Andrea Tarazona,,2024-2025-femenino
13,Levante Planas,30,6,10,14,24,45,-21,28,0.93,34.6,32.7,1.9,0.06,,María Llompart - 4,María López,,2024-2025-femenino
14,Dep La Coruña,30,6,9,15,27,48,-21,27,0.9,25.2,50.9,-25.7,-0.86,,Millene Cabral - 6,Inês Pereira,,2024-2025-femenino
15,Valencia,30,5,8,17,24,47,-23,23,0.77,25.4,44.0,-18.6,-0.62,,Marina Martí - 6,Antonia Canales,Relegated,2024-2025-femenino
16,Real Betis,30,6,5,19,24,67,-43,23,0.77,22.8,56.5,-33.6,-1.12,,Rosa Marquez - 5,Paula Vizoso,Relegated,2024-2025-femenino
